timestamp	name	composite	bar_sharpe_wf	bar_sharpe_val	decay	maxdd_wf	maxdd_val	trades_wf	trades_val	fold_std	neg_folds	profit_factor	calmar	n_params	status	source
2026-03-14T20:59:19.449571+00:00	ema_20_50_hh_hl_lb8_v1	0.742777	2.370766	1.216682	0.513202	0.004248	0.038498	40	43	1.145117	0.000000	2.912984	12.043191	5	PASS	scout3-breakout
2026-03-14T20:58:49.696891+00:00	ema_21_50_hh_hl_lb8_v1	0.732644	2.326496	1.230588	0.528945	0.004512	0.038916	40	44	1.055090	0.000000	2.808841	11.071773	5	PASS	scout3-breakout
2026-03-14T20:23:59.826679+00:00	ema_23_50_roc5_trail019	0.696296	1.820711	1.338608	0.735211	0.004519	0.059068	47	57	1.226488	0.000000	3.365610	10.161908	5	PASS	scout1-momentum
2026-03-14T20:16:46.782996+00:00	ema_22_50_roc_trail019	0.677392	1.669026	1.644837	0.985508	0.004744	0.058690	48	57	1.114637	0.000000	2.507049	9.268840	5	PASS	scout1-momentum
2026-03-14T20:19:38.179405+00:00	ema_21_50_roc5_trail019	0.673155	1.707532	1.387690	0.812688	0.005180	0.055473	50	59	1.119337	0.000000	2.711222	8.642834	5	PASS	scout1-momentum
2026-03-14T20:17:54.240113+00:00	ema_22_50_roc7_trail019	0.662201	1.758017	1.277266	0.726538	0.004717	0.059637	47	60	1.194604	0.166667	2.910336	10.290438	5	PASS	scout1-momentum
2026-03-14T20:34:30.531954+00:00	ema_22_50_trail019	0.643837	1.669770	1.630298	0.976361	0.004920	0.057872	52	61	1.126616	0.166667	2.161875	8.673203	4	PASS	scout2-meanrev
2026-03-14T20:35:52.465336+00:00	ema_22_50_trail018	0.542497	1.452064	0.775321	0.533944	0.004245	0.070305	52	65	1.220511	0.166667	2.014353	8.191714	4	PASS	scout2-meanrev
2026-03-14T18:01:09.054934+00:00	simple_ema_crossover_v10	0.520523	1.325137	0.803285	0.606190	0.004636	0.068826	53	67	1.090264	0.166667	1.814050	6.214548	4	PASS	opus-manual
2026-03-14T22:35:00.000000+00:00	ema_20_50_vol_size_v1	0.765258	2.385969	1.495672	0.626862	0.004637	0.045966	40	43	1.245226	0.000000	2.953860	11.819967	9	PASS	scout3-calendar
2026-03-14T22:34:38.083771+00:00	ema_20_50_hh_hl_lb8_v1	0.742777	2.370766	1.216682	0.513202	0.004248	0.038498	40	43	1.145117	0.000000	2.912984	12.043191	5	PASS	autodegen-scout-1
2026-03-14T22:35:19.212899+00:00	ema_21_51_hh_hl_lb8_v1	0.754023	2.412668	1.268633	0.525821	0.004179	0.039355	39	44	1.065227	0.000000	2.973908	12.356357	5	PASS	autodegen-scout-1
2026-03-14T22:40:22.385122+00:00	ema_21_51_hh_hl_close35_v1	0.730918	2.280617	1.205615	0.528635	0.003291	0.040613	30	37	1.166535	0.000000	3.459694	14.025514	6	PASS	autodegen-scout-1
2026-03-14T22:44:45.609432+00:00	ema_21_51_hh_hl_vol75_v1	0.757356	2.447409	1.268742	0.518402	0.003830	0.046036	30	33	0.877188	0.000000	4.124137	12.746022	7	PASS	autodegen-scout-1
2026-03-14T22:46:48.430467+00:00	ema_21_51_hh_hl_vol76_v1	0.757356	2.447409	1.268742	0.518402	0.003830	0.046036	30	33	0.877188	0.000000	4.124137	12.746022	7	PASS	autodegen-scout-1
2026-03-14T22:30:50.293473+00:00	entropy_hhhl_loose_v1	0.742777	2.370766	1.216682	0.513202	0.004248	0.038498	40	43	1.145117	0.000000	2.912984	12.043191	8	PASS	autodegen-scout-2
2026-03-14T22:31:40.944403+00:00	entropy_hhhl_v2	0.742777	2.370766	1.216682	0.513202	0.004248	0.038498	40	43	1.145117	0.000000	2.912984	12.043191	8	PASS	autodegen-scout-2
2026-03-14T22:34:02.754921+00:00	entropy36_hhhl_v1	0.681972	1.937376	1.347665	0.695613	0.004006	0.038498	38	42	0.960314	0.000000	2.547010	10.407908	8	PASS	autodegen-scout-2
2026-03-14T22:34:29.757084+00:00	entropy36_hhhl_v1	0.742777	2.370766	1.216682	0.513202	0.004248	0.038498	40	43	1.145117	0.000000	2.912984	12.043191	8	PASS	autodegen-scout-2
2026-03-14T22:37:15.730092+00:00	entropy36_hhhl_ema21_v1	0.732644	2.326496	1.230588	0.528945	0.004512	0.038916	40	44	1.055090	0.000000	2.808841	11.071773	8	PASS	autodegen-scout-2
2026-03-14T22:39:05.536726+00:00	entropy12_hhhl_v1	0.742777	2.370766	1.216682	0.513202	0.004248	0.038498	40	43	1.145117	0.000000	2.912984	12.043191	8	PASS	autodegen-scout-2
2026-03-14T22:21:28.951747+00:00	ema_20_50_hh_hl_lb8_v1	0.742777	2.370766	1.216682	0.513202	0.004248	0.038498	40	43	1.145117	0.000000	2.912984	12.043191	5	PASS	autodegen-scout-3
2026-03-14T22:23:59.064793+00:00	vwap_trend_v1	0.742777	2.370766	1.216682	0.513202	0.004248	0.038498	40	43	1.145117	0.000000	2.912984	12.043191	6	PASS	autodegen-scout-3
2026-03-14T22:30:23.031307+00:00	ema_21_50_hh_hl_v1	0.732644	2.326496	1.230588	0.528945	0.004512	0.038916	40	44	1.055090	0.000000	2.808841	11.071773	5	PASS	autodegen-scout-3
2026-03-14T22:32:34.455090+00:00	ema_20_50_vol_size_v1	0.765258	2.385969	1.495672	0.626862	0.004637	0.045966	40	43	1.245226	0.000000	2.953860	11.819967	8	PASS	autodegen-scout-3
2026-03-14T22:33:09.914152+00:00	ema_20_50_vol_size_v1	0.764897	2.383852	1.503032	0.630506	0.004745	0.046105	40	43	1.238812	0.000000	2.938790	11.865427	8	PASS	autodegen-scout-3
2026-03-14T22:33:52.280150+00:00	ema_20_50_vol_size_v1	0.765258	2.385969	1.495672	0.626862	0.004637	0.045966	40	43	1.245226	0.000000	2.953860	11.819967	8	PASS	autodegen-scout-3
2026-03-14T22:34:15.971144+00:00	ema_20_50_vol_size_v1	0.761371	2.391646	1.439758	0.601995	0.004530	0.044141	40	43	1.221540	0.000000	2.937026	11.825685	8	PASS	autodegen-scout-3
2026-03-14T22:34:32.309648+00:00	ema_20_50_vol_size_v1	0.783818	2.484892	1.563663	0.629268	0.004501	0.046388	40	43	1.205434	0.000000	3.165316	12.814529	8	PASS	autodegen-scout-3
2026-03-14T22:34:47.202587+00:00	ema_20_50_vol_size_lb12_v1	0.783818	2.484892	1.563663	0.629268	0.004501	0.046388	40	43	1.205434	0.000000	3.165316	12.814529	8	PASS	autodegen-scout-3
2026-03-14T22:35:12.850164+00:00	ema_20_50_vol_size_lb6_v1	0.780401	2.454304	1.571460	0.640287	0.004555	0.046852	40	43	1.181971	0.000000	3.099281	12.640564	8	PASS	autodegen-scout-3
2026-03-14T22:35:26.842156+00:00	ema_20_50_vol_size_lb18_v1	0.773861	2.407122	1.544965	0.641831	0.004635	0.047515	40	43	1.195800	0.000000	3.007219	12.083498	8	PASS	autodegen-scout-3
2026-03-14T22:35:55.684982+00:00	ema_20_50_vol_size_z15_v1	0.781948	2.462911	1.578376	0.640858	0.004543	0.047664	40	43	1.207010	0.000000	3.186939	12.811252	8	PASS	autodegen-scout-3
2026-03-14T22:36:16.288299+00:00	ema_20_50_vol_size_z1_v1	0.780459	2.440183	1.595246	0.653741	0.004533	0.048822	40	43	1.201443	0.000000	3.274068	12.955187	8	PASS	autodegen-scout-3
2026-03-14T22:36:56.334769+00:00	ema_20_50_vol_session_v1	0.779534	2.466155	1.532074	0.621240	0.004746	0.047110	40	43	1.183837	0.000000	3.058176	12.392145	11	PASS	autodegen-scout-3
2026-03-14T22:38:09.786422+00:00	ema_20_50_vol_dow_v1	0.771621	2.345562	1.632541	0.696013	0.004292	0.045895	40	43	1.187219	0.000000	2.990132	11.788190	9	PASS	autodegen-scout-3
2026-03-14T22:40:41.999289+00:00	ema_20_50_vol_size_lb12_v1	0.783818	2.484892	1.563663	0.629268	0.004501	0.046388	40	43	1.205434	0.000000	3.165316	12.814529	8	PASS	autodegen-scout-3
2026-03-14T22:41:03.731430+00:00	ema_20_50_vol_size_lb12_r2_v1	0.788058	2.487627	1.622556	0.652251	0.004594	0.048280	40	43	1.217924	0.000000	3.233633	12.924440	8	PASS	autodegen-scout-3
2026-03-14T22:41:31.181465+00:00	ema_20_50_vol_size_lb12_r3_v1	0.790780	2.481737	1.673264	0.674231	0.004701	0.050141	40	43	1.229810	0.000000	3.304319	13.053752	8	PASS	autodegen-scout-3
2026-03-14T22:41:56.853231+00:00	ema_20_50_vol_size_lb12_r4_v1	0.797935	2.494284	1.754092	0.703245	0.005045	0.053871	40	43	1.245457	0.000000	3.444986	13.445159	8	PASS	autodegen-scout-3
2026-03-14T22:42:53.882133+00:00	ema_20_50_vol_size_lb12_r42_v1	0.799146	2.496053	1.768327	0.708449	0.005113	0.054601	40	43	1.248509	0.000000	3.472718	13.523531	8	PASS	autodegen-scout-3
2026-03-14T22:43:20.266917+00:00	ema_20_50_vol_size_lb12_r41_v1	0.798548	2.495194	1.761281	0.705869	0.005079	0.054237	40	43	1.246987	0.000000	3.458869	13.484337	8	PASS	autodegen-scout-3
2026-03-14T22:43:48.793110+00:00	ema_20_50_vol_size_lb12_r425_v1	0.799439	2.496464	1.771799	0.709723	0.005130	0.054783	40	43	1.249267	0.000000	3.479630	13.543135	8	PASS	autodegen-scout-3
2026-03-14T22:21:44.026870+00:00	ema_20_50_hh_hl_lb8_v1	0.742777	2.370766	1.216682	0.513202	0.004248	0.038498	40	43	1.145117	0.000000	2.912984	12.043191	5	PASS	autodegen-scout-4
2026-03-14T22:23:05.004386+00:00	ema_20_50_hh_hl_lb8_v1	0.742777	2.370766	1.216682	0.513202	0.004248	0.038498	40	43	1.145117	0.000000	2.912984	12.043191	5	PASS	autodegen-scout-4
2026-03-14T22:25:38.424287+00:00	euphoria_filter_v1	0.742777	2.370766	1.216682	0.513202	0.004248	0.038498	40	43	1.145117	0.000000	2.912984	12.043191	7	PASS	autodegen-scout-4
2026-03-14T22:27:42.422748+00:00	accel_filter_v1	0.791907	2.379120	1.853537	0.779085	0.003796	0.030087	30	28	0.929381	0.000000	4.803511	15.199844	6	PASS	autodegen-scout-4
2026-03-14T22:31:41.378568+00:00	accel_lb6_v1	0.746838	1.911774	2.119011	1.108400	0.003986	0.040351	31	30	1.240367	0.000000	20.845816	12.097446	6	PASS	autodegen-scout-4
2026-03-14T22:36:48.053128+00:00	accel_trail021_v1	0.741827	2.203367	1.398194	0.634572	0.004446	0.038943	30	27	1.049350	0.000000	3.575072	11.228656	6	PASS	autodegen-scout-4
2026-03-14T22:40:58.600507+00:00	accel_trail020_v1	0.757572	2.267594	1.533305	0.676182	0.004013	0.033009	30	28	0.933890	0.000000	4.574399	13.536245	6	PASS	autodegen-scout-4
2026-03-14T22:42:52.980727+00:00	accel_roc_v1	0.791907	2.379120	1.853537	0.779085	0.003796	0.030087	30	28	0.929381	0.000000	4.803511	15.199844	8	PASS	autodegen-scout-4
2026-03-14T22:45:23.114328+00:00	accel_filter_v1	0.791907	2.379120	1.853537	0.779085	0.003796	0.030087	30	28	0.929381	0.000000	4.803511	15.199844	6	PASS	autodegen-scout-4
2026-03-14T22:27:41.775760+00:00	ema_20_50_hh_hl_shadow_v1	0.741662	2.306956	1.251418	0.542454	0.003872	0.047919	35	39	0.980411	0.000000	3.081124	12.516933	6	PASS	autodegen-scout-5
2026-03-14T22:28:11.826299+00:00	ema_20_50_hh_hl_shadow_v2	0.763073	2.413159	1.385032	0.573950	0.003865	0.049184	34	35	0.943479	0.000000	3.351345	13.041020	6	PASS	autodegen-scout-5
2026-03-14T22:31:25.654329+00:00	ema_20_50_hh_hl_lb6_shadow_v1	0.669478	1.930299	1.204027	0.623752	0.003886	0.055066	34	36	1.054335	0.000000	2.561674	8.911473	6	PASS	autodegen-scout-5
2026-03-14T22:32:01.344676+00:00	ema_20_50_hh_hl_lb8_lshadow_v1	0.689736	1.918967	1.392806	0.725810	0.004369	0.038498	37	41	0.815594	0.000000	2.688580	9.668023	6	PASS	autodegen-scout-5
2026-03-14T22:34:14.772270+00:00	ema_20_50_hh_hl_vwap_v1	0.742777	2.370766	1.216682	0.513202	0.004248	0.038498	40	43	1.145117	0.000000	2.912984	12.043191	7	PASS	autodegen-scout-5
2026-03-14T22:35:16.990427+00:00	ema_20_50_hh_hl_shadow_v5	0.739973	2.294256	1.251418	0.545457	0.003868	0.047919	35	39	0.999815	0.000000	3.071182	12.470110	6	PASS	autodegen-scout-5
2026-03-14T22:35:37.462613+00:00	ema_20_50_hh_hl_shadow_v6	0.740572	2.294256	1.259757	0.549092	0.003868	0.049565	35	37	0.999815	0.000000	3.071182	12.470110	6	PASS	autodegen-scout-5
2026-03-14T22:38:19.314738+00:00	ema_20_50_hh_hl_lb10_shadow_v1	0.799120	2.388927	1.913720	0.801079	0.003739	0.028651	30	30	1.087587	0.000000	4.315911	13.461914	6	PASS	autodegen-scout-5
2026-03-14T22:39:10.060510+00:00	ema_20_50_hh_hl_lb9_shadow_v1	0.785889	2.432944	1.647711	0.677250	0.003676	0.037840	31	31	1.107860	0.000000	3.855156	14.029820	6	PASS	autodegen-scout-5
2026-03-14T22:39:30.385977+00:00	ema_20_50_hh_hl_lb11_shadow_v1	0.790325	2.630158	1.396490	0.530953	0.003548	0.032688	31	29	1.070625	0.000000	4.630836	15.485322	6	PASS	autodegen-scout-5
2026-03-14T22:41:35.085108+00:00	ema_21_50_hh_hl_lb10_shadow_v1	0.778740	2.273413	1.830737	0.805282	0.003711	0.030758	30	29	0.917078	0.000000	3.135316	12.160539	6	PASS	autodegen-scout-5
2026-03-14T22:43:51.321199+00:00	ema_20_50_hh_hl_lb10_shadow_v1	0.799120	2.388927	1.913720	0.801079	0.003739	0.028651	30	30	1.087587	0.000000	4.315911	13.461914	6	PASS	autodegen-scout-5
2026-03-14T23:05:00.000000+00:00	shadow_vol_synth_v1	0.775998	2.422639	1.560800	0.644256	0.004034	0.049952	35	39	0.905712	0.000000	3.212891	13.242548	9	PASS	scout2-synth-shadow-vol
2026-03-14T23:06:00.000000+00:00	shadow_vol_synth_v2	0.798582	2.533604	1.702955	0.672147	0.004032	0.048068	34	35	0.848759	0.000000	3.594351	13.949127	9	PASS	scout2-synth-shadow-vol
2026-03-14T23:10:00.000000+00:00	accel_vol_mult_v1	0.809661	2.587508	1.738412	0.671848	0.004662	0.045747	40	43	1.245310	0.000000	3.636922	15.023914	8	PASS	scout3-synth-accel-vol
2026-03-14T23:15:00.000000+00:00	accel_vol_mult_v6	0.810922	2.588485	1.756339	0.678520	0.004948	0.048287	40	43	1.247491	0.000000	3.649055	15.033732	8	PASS	scout3-synth-accel-vol
2026-03-14T23:30:00.000000+00:00	accel_filter_vol_size_v3	0.828003	2.866892	1.558689	0.543686	0.004109	0.055865	33	36	1.140319	0.000000	5.295614	19.340513	9	PASS	scout3-synth-accel-vol
2026-03-14T23:35:00.000000+00:00	accel_filter_vol_size_v5	0.835318	2.889546	1.654849	0.572702	0.004101	0.055865	30	35	1.167241	0.000000	5.337579	19.383391	9	PASS	scout3-synth-accel-vol
2026-03-14T23:00:00.000000+00:00	synthesis_combined_v30_original	0.819976	2.566965	1.940293	0.755870	0.002621	0.034204	34	35	1.151677	0.000000	4.905115	14.109017	10	PASS	scout1-synthesis-full
2026-03-14T23:38:00.000000+00:00	accel_filter_vol_size_v6	0.835982	2.879175	1.685452	0.585394	0.004309	0.058292	30	35	1.174156	0.000000	5.341420	19.209441	9	PASS	scout3-synth-accel-vol
2026-03-14T23:40:00.000000+00:00	accel_filter_vol_size_v7	0.836348	2.864055	1.720268	0.600641	0.004517	0.060443	30	35	1.182134	0.000000	5.346977	18.898614	9	PASS	scout3-synth-accel-vol
2026-03-14T23:42:00.000000+00:00	accel_filter_vol_size_v8	0.836386	2.847651	1.751946	0.615225	0.004726	0.062557	30	35	1.189239	0.000000	5.353020	18.619841	9	PASS	scout3-synth-accel-vol
2026-03-14T23:50:00.000000+00:00	accel_filter_vol_size_v15	0.837154	2.847025	1.761055	0.618560	0.004765	0.063352	30	35	1.190065	0.000000	5.343757	18.416831	9	PASS	scout3-synth-accel-vol
2026-03-14T23:55:00.000000+00:00	accel_filter_vol_size_v19	0.837409	2.837015	1.783979	0.628822	0.004994	0.065715	30	35	1.195372	0.000000	5.348023	18.238347	9	PASS	scout3-synth-accel-vol
2026-03-14T23:58:00.000000+00:00	accel_filter_vol_size_v20	0.837568	2.827055	1.805167	0.638533	0.005223	0.068037	30	35	1.200243	0.000000	5.352334	18.079806	9	PASS	scout3-synth-accel-vol
2026-03-14T00:00:00.000000+00:00	accel_filter_vol_size_v21	0.837650	2.817192	1.824852	0.647756	0.005452	0.070319	30	35	1.204740	0.000000	5.356652	17.938438	9	PASS	scout3-synth-accel-vol
2026-03-14T00:02:00.000000+00:00	accel_filter_vol_size_v22	0.837891	2.812236	1.837634	0.653442	0.005692	0.072774	30	35	1.207241	0.000000	5.358998	17.889936	9	PASS	scout3-synth-accel-vol
2026-03-14T00:04:00.000000+00:00	accel_filter_vol_size_v23	0.838124	2.807557	1.849742	0.658844	0.005933	0.075188	30	35	1.209573	0.000000	5.361238	17.848778	9	PASS	scout3-synth-accel-vol
2026-03-14T00:06:00.000000+00:00	accel_filter_vol_size_v24	0.838351	2.803140	1.861251	0.663988	0.006173	0.077562	30	35	1.211758	0.000000	5.363377	17.814073	9	PASS	scout3-synth-accel-vol
2026-03-14T00:08:00.000000+00:00	accel_filter_vol_size_v25	0.838576	2.798971	1.872228	0.668899	0.006413	0.079896	30	35	1.213812	0.000000	5.365418	17.785072	9	PASS	scout3-synth-accel-vol
2026-03-14T00:10:00.000000+00:00	accel_filter_vol_size_v26	0.838800	2.795035	1.882726	0.673597	0.006653	0.082191	30	35	1.215751	0.000000	5.367367	17.761140	9	PASS	scout3-synth-accel-vol
2026-03-14T00:12:00.000000+00:00	accel_filter_vol_size_v27	0.839726	2.796565	1.893644	0.677132	0.007156	0.087079	30	35	1.216574	0.000000	5.367389	17.854623	9	PASS	scout3-synth-accel-vol
2026-03-14T00:14:00.000000+00:00	accel_filter_vol_size_v28	0.840638	2.798133	1.904289	0.680557	0.007658	0.091812	30	35	1.217382	0.000000	5.367394	17.949292	9	PASS	scout3-synth-accel-vol
2026-03-14T00:16:00.000000+00:00	accel_filter_vol_size_v29	0.841536	2.799731	1.914678	0.683879	0.008159	0.096398	30	35	1.218176	0.000000	5.367384	18.045054	9	PASS	scout3-synth-accel-vol
2026-03-14T23:03:19.016947+00:00	synthesis_combined_v3_no_accel	0.805931	2.484597	1.871289	0.753156	0.002621	0.034407	35	39	1.173046	0.000000	4.386377	13.419303	11	PASS	autodegen-scout-1
2026-03-14T23:06:08.240316+00:00	synthesis_combined_v11_shadow45_no_accel	0.805931	2.484597	1.871289	0.753156	0.002621	0.034407	35	39	1.173046	0.000000	4.386377	13.419303	11	PASS	autodegen-scout-1
2026-03-14T23:06:28.144097+00:00	synthesis_combined_v12_vol10	0.806986	2.449372	1.950625	0.796378	0.002598	0.032827	35	39	1.130290	0.000000	4.048321	13.355140	11	PASS	autodegen-scout-1
2026-03-14T23:06:45.059936+00:00	synthesis_combined_v13_vol14	0.794801	2.392253	1.872197	0.782608	0.002610	0.035846	35	39	1.143569	0.000000	3.996109	12.070852	11	PASS	autodegen-scout-1
2026-03-14T23:07:04.183429+00:00	synthesis_combined_v14_size_adj	0.804730	2.462202	1.899383	0.771417	0.002270	0.028806	35	39	1.090457	0.000000	3.897638	13.120570	11	PASS	autodegen-scout-1
2026-03-14T23:08:11.926569+00:00	synthesis_combined_v19_lb8_shadow40	0.818196	2.517516	2.011283	0.798916	0.002598	0.032846	34	35	1.123189	0.000000	4.593843	13.942272	11	PASS	autodegen-scout-1
2026-03-14T23:08:44.969672+00:00	synthesis_combined_v21_shadow40_size_adj	0.815314	2.486540	2.033453	0.817784	0.002941	0.035694	34	35	1.193681	0.000000	4.955546	13.965712	11	PASS	autodegen-scout-1
2026-03-14T23:09:05.071716+00:00	synthesis_combined_v22_vol12	0.819976	2.566965	1.940293	0.755870	0.002621	0.034204	34	35	1.151677	0.000000	4.905115	14.109017	11	PASS	autodegen-scout-1
2026-03-14T23:09:19.783128+00:00	synthesis_combined_v23_vol10_verify	0.818196	2.517516	2.011283	0.798916	0.002598	0.032846	34	35	1.123189	0.000000	4.593843	13.942272	11	PASS	autodegen-scout-1
2026-03-14T23:10:00.654196+00:00	synthesis_combined_v26_trail20	0.787263	2.492658	1.577022	0.632667	0.003041	0.041847	34	35	1.139761	0.000000	4.455369	12.324865	11	PASS	autodegen-scout-1
2026-03-14T23:10:38.139122+00:00	synthesis_combined_v29_size_tight	0.819138	2.589841	1.892200	0.730624	0.002794	0.036996	34	35	1.071930	0.000000	4.603814	13.997584	11	PASS	autodegen-scout-1
2026-03-14T23:10:56.699261+00:00	synthesis_combined_v30_original	0.819976	2.566965	1.940293	0.755870	0.002621	0.034204	34	35	1.151677	0.000000	4.905115	14.109017	11	PASS	autodegen-scout-1
2026-03-14T23:11:50.699929+00:00	synthesis_combined_v32_shadow42	0.807226	2.484597	1.889756	0.760589	0.002621	0.034316	35	37	1.173046	0.000000	4.386377	13.419303	11	PASS	autodegen-scout-1
2026-03-14T23:12:08.293883+00:00	synthesis_combined_v33_volz_adj	0.817838	2.596376	1.863596	0.717768	0.002693	0.035761	34	35	1.048196	0.000000	4.470787	13.793107	11	PASS	autodegen-scout-1
2026-03-14T23:12:21.580351+00:00	synthesis_combined_v34_volz_wider	0.818785	2.544153	1.959945	0.770372	0.002585	0.033354	34	35	1.189561	0.000000	5.055551	14.045045	11	PASS	autodegen-scout-1
2026-03-14T23:12:36.957677+00:00	synthesis_combined_v35_final	0.819976	2.566965	1.940293	0.755870	0.002621	0.034204	34	35	1.151677	0.000000	4.905115	14.109017	11	PASS	autodegen-scout-1
2026-03-14T23:02:43.162743+00:00	shadow_vol_synth_v1	0.775998	2.422639	1.560800	0.644256	0.004034	0.049952	35	39	0.905712	0.000000	3.212891	13.242548	9	PASS	autodegen-scout-2
2026-03-14T23:03:11.203577+00:00	shadow_vol_synth_v1	0.798582	2.533604	1.702955	0.672147	0.004032	0.048068	34	35	0.848759	0.000000	3.594351	13.949127	9	PASS	autodegen-scout-2
2026-03-14T23:03:34.081401+00:00	shadow_vol_synth_v1	0.793387	2.524172	1.641330	0.650245	0.003947	0.048340	34	35	0.859639	0.000000	3.524328	13.977237	9	PASS	autodegen-scout-2
2026-03-14T23:03:53.767275+00:00	shadow_vol_synth_v1	0.796515	2.505816	1.725300	0.688518	0.004025	0.048702	34	35	0.838582	0.000000	3.621588	13.764192	9	PASS	autodegen-scout-2
2026-03-14T23:04:29.656735+00:00	shadow_vol_synth_v1	0.759409	2.418537	1.316576	0.544369	0.004809	0.063291	34	35	0.888412	0.000000	3.243418	12.491275	9	PASS	autodegen-scout-2
2026-03-14T23:04:50.531134+00:00	shadow_vol_synth_v1	0.832720	2.645428	1.968052	0.743944	0.003366	0.042219	31	31	1.027419	0.000000	4.144799	15.771919	9	PASS	autodegen-scout-2
2026-03-14T23:05:13.880181+00:00	shadow_vol_synth_v1	0.833862	2.605081	2.214620	0.850116	0.003319	0.034906	30	30	0.926792	0.000000	4.669855	16.034252	9	PASS	autodegen-scout-2
2026-03-14T23:05:34.035200+00:00	shadow_vol_synth_v1	0.828594	2.793491	1.672408	0.598680	0.003168	0.037471	31	29	0.987409	0.000000	5.069364	18.199151	9	PASS	autodegen-scout-2
2026-03-14T23:06:15.724039+00:00	shadow_vol_synth_v1	0.812037	2.423092	2.094492	0.864388	0.003321	0.035176	31	32	1.189358	0.000000	4.428895	15.300109	9	PASS	autodegen-scout-2
2026-03-14T23:06:31.859364+00:00	shadow_vol_synth_v1	0.832285	2.589130	2.209401	0.853337	0.003360	0.035474	30	30	0.911469	0.000000	4.582254	15.737235	9	PASS	autodegen-scout-2
2026-03-14T23:06:51.927005+00:00	shadow_vol_synth_v1	0.832861	2.594428	2.200550	0.848183	0.003371	0.035600	30	30	0.914896	0.000000	4.577524	15.570065	9	PASS	autodegen-scout-2
2026-03-14T23:07:16.668043+00:00	shadow_vol_synth_v1	0.837254	2.627658	2.260206	0.860160	0.003254	0.036605	30	30	0.907348	0.000000	4.774657	16.572608	9	PASS	autodegen-scout-2
2026-03-14T23:07:38.310185+00:00	shadow_vol_synth_v1	0.839132	2.638141	2.297606	0.870919	0.003189	0.038276	30	30	0.888848	0.000000	4.887273	17.226258	9	PASS	autodegen-scout-2
2026-03-14T23:08:00.171049+00:00	shadow_vol_synth_v1	0.839568	2.636710	2.328281	0.883025	0.003181	0.039920	30	30	0.868251	0.000000	5.008526	17.307816	9	PASS	autodegen-scout-2
2026-03-14T23:08:25.022409+00:00	shadow_vol_synth_v1	0.838663	2.623856	2.353462	0.896948	0.003207	0.041537	30	30	0.844130	0.000000	5.139376	17.106801	9	PASS	autodegen-scout-2
2026-03-14T23:09:05.625667+00:00	shadow_vol_synth_v1	0.817052	2.445110	2.222247	0.908854	0.003183	0.040229	31	32	1.165302	0.000000	4.732185	16.435909	9	PASS	autodegen-scout-2
2026-03-14T23:09:24.251099+00:00	shadow_vol_synth_v1	0.840637	2.644308	2.318547	0.876806	0.003236	0.040870	30	30	0.876702	0.000000	4.851664	16.920085	9	PASS	autodegen-scout-2
2026-03-14T23:09:44.084924+00:00	shadow_vol_synth_v1	0.841802	2.655754	2.304481	0.867731	0.003235	0.041069	30	30	0.871038	0.000000	4.846111	16.761808	9	PASS	autodegen-scout-2
2026-03-14T23:10:07.756750+00:00	shadow_vol_synth_v1	0.837130	2.604442	2.290486	0.879454	0.003251	0.041338	30	30	0.843248	0.000000	5.217651	17.789847	9	PASS	autodegen-scout-2
2026-03-14T23:10:31.033375+00:00	shadow_vol_synth_v1	0.838365	2.614378	2.418310	0.925004	0.003238	0.039232	30	30	0.907733	0.000000	5.311856	16.296565	9	PASS	autodegen-scout-2
2026-03-14T23:10:51.534034+00:00	shadow_vol_synth_v1	0.837952	2.826697	1.748913	0.618712	0.003114	0.043854	31	29	0.960631	0.000000	5.304652	18.872123	9	PASS	autodegen-scout-2
2026-03-14T23:11:10.910100+00:00	shadow_vol_synth_v1	0.840598	2.680250	2.072660	0.773308	0.003554	0.047807	31	31	0.981618	0.000000	4.231579	14.909778	9	PASS	autodegen-scout-2
2026-03-14T23:11:50.987570+00:00	shadow_vol_synth_v1	0.814719	2.437766	2.071784	0.849870	0.004072	0.046750	30	30	1.074596	0.000000	3.783620	13.051775	9	PASS	autodegen-scout-2
2026-03-14T23:12:11.141471+00:00	shadow_vol_synth_v1	0.842271	2.658405	2.314175	0.870513	0.003248	0.041776	30	30	0.868046	0.000000	4.888085	16.642570	9	PASS	autodegen-scout-2
2026-03-14T23:12:32.845014+00:00	shadow_vol_synth_v1	0.842445	2.659240	2.318744	0.871957	0.003254	0.042128	30	30	0.866634	0.000000	4.909704	16.584564	9	PASS	autodegen-scout-2
2026-03-14T23:12:56.094511+00:00	shadow_vol_synth_v1	0.842578	2.659746	2.323138	0.873444	0.003261	0.042478	30	30	0.865250	0.000000	4.931762	16.527619	9	PASS	autodegen-scout-2
2026-03-14T23:13:17.523668+00:00	shadow_vol_synth_v1	0.842669	2.659922	2.327365	0.874975	0.003267	0.042827	30	30	0.863875	0.000000	4.954270	16.471728	9	PASS	autodegen-scout-2
2026-03-14T23:13:39.572959+00:00	shadow_vol_synth_v1	0.845905	2.688002	2.339826	0.870470	0.003225	0.042266	30	30	0.864806	0.000000	5.014169	16.766506	9	PASS	autodegen-scout-2
2026-03-14T23:14:03.172692+00:00	shadow_vol_synth_v1	0.841342	2.646522	2.342608	0.885165	0.003269	0.042606	30	30	0.872363	0.000000	4.959962	16.663564	9	PASS	autodegen-scout-2
2026-03-14T23:14:20.915049+00:00	shadow_vol_synth_v1	0.838653	2.613326	2.317551	0.886821	0.003258	0.043178	30	30	0.836559	0.000000	5.293849	17.530943	9	PASS	autodegen-scout-2
2026-03-14T23:14:39.006252+00:00	shadow_vol_synth_v1	0.824504	2.487838	2.339826	0.940505	0.003228	0.042266	31	30	1.199859	0.000000	4.733377	15.807100	9	PASS	autodegen-scout-2
2026-03-14T23:15:17.048828+00:00	shadow_vol_synth_v1	0.842111	2.844101	1.785097	0.627649	0.003160	0.044860	31	29	0.964502	0.000000	5.522910	18.620435	9	PASS	autodegen-scout-2
2026-03-14T23:15:37.904776+00:00	shadow_vol_synth_v1	0.843970	2.704681	2.112665	0.781114	0.003592	0.048651	31	31	0.987784	0.000000	4.387479	14.830977	9	PASS	autodegen-scout-2
2026-03-14T23:15:59.071679+00:00	shadow_vol_synth_v1	0.838805	2.622588	2.347740	0.895200	0.003228	0.042225	30	30	0.888268	0.000000	4.997187	17.115444	9	PASS	autodegen-scout-2
2026-03-14T23:16:26.314052+00:00	shadow_vol_synth_lb10_vol15_sz0-8	0.845905	2.688002	2.339826	0.870470	0.003225	0.042266	30	30	0.864806	0.000000	5.014169	16.766506	9	PASS	autodegen-scout-2
2026-03-14T23:03:41.331734+00:00	accel_vol_mult_v1	0.809661	2.587508	1.738412	0.671848	0.004662	0.045747	40	43	1.245310	0.000000	3.636922	15.023914	9	PASS	autodegen-scout-3
2026-03-14T23:04:17.420420+00:00	accel_vol_mult_v2	0.804871	2.537604	1.759044	0.693191	0.004684	0.047619	40	43	1.188422	0.000000	3.579426	14.616411	9	PASS	autodegen-scout-3
2026-03-14T23:04:30.715981+00:00	accel_vol_mult_v3	0.794632	2.491051	1.703593	0.683885	0.004672	0.047508	40	43	1.060131	0.000000	3.453154	14.139870	9	PASS	autodegen-scout-3
2026-03-14T23:05:19.048466+00:00	accel_vol_mult_v6	0.810922	2.588485	1.756339	0.678520	0.004948	0.048287	40	43	1.247491	0.000000	3.649055	15.033732	9	PASS	autodegen-scout-3
2026-03-14T23:06:03.789926+00:00	accel_vol_mult_v8	0.808368	2.555633	1.783149	0.697733	0.004865	0.048861	40	43	1.208199	0.000000	3.569445	14.899392	9	PASS	autodegen-scout-3
2026-03-14T23:06:32.534730+00:00	accel_vol_mult_v10	0.809928	2.570170	1.773367	0.689980	0.004961	0.049339	40	43	1.241216	0.000000	3.627217	15.007363	9	PASS	autodegen-scout-3
2026-03-14T23:06:51.733992+00:00	accel_vol_mult_v11	0.803742	2.586919	1.667543	0.644606	0.005377	0.055196	40	43	1.240290	0.000000	3.502209	14.682356	9	PASS	autodegen-scout-3
2026-03-14T23:08:06.548035+00:00	accel_vol_mult_v15	0.798987	2.567490	1.636718	0.637478	0.004857	0.048560	40	43	1.237979	0.000000	3.484922	14.155619	9	PASS	autodegen-scout-3
2026-03-14T23:08:24.109538+00:00	accel_vol_mult_v16	0.809138	2.587672	1.729047	0.668186	0.004837	0.047159	40	43	1.243573	0.000000	3.624742	15.088403	9	PASS	autodegen-scout-3
2026-03-14T23:08:36.768412+00:00	accel_vol_mult_v17	0.784992	2.503612	1.541035	0.615524	0.005061	0.053821	40	43	1.059564	0.000000	3.394842	14.514987	9	PASS	autodegen-scout-3
2026-03-14T23:08:50.200236+00:00	accel_vol_mult_v18	0.796870	2.514884	1.692822	0.673122	0.004881	0.048355	40	43	1.101489	0.000000	3.464947	14.303824	9	PASS	autodegen-scout-3
2026-03-14T23:10:19.747222+00:00	accel_filter_vol_size_v3	0.828003	2.866892	1.558689	0.543686	0.004109	0.055865	33	36	1.140319	0.000000	5.295614	19.340513	9	PASS	autodegen-scout-3
2026-03-14T23:11:04.887565+00:00	accel_filter_vol_size_v5	0.835318	2.889546	1.654849	0.572702	0.004101	0.055865	30	35	1.167241	0.000000	5.337579	19.383391	9	PASS	autodegen-scout-3
2026-03-14T23:11:28.674588+00:00	accel_filter_vol_size_v6	0.835982	2.879175	1.685452	0.585394	0.004309	0.058292	30	35	1.174156	0.000000	5.341420	19.209441	9	PASS	autodegen-scout-3
2026-03-14T23:11:55.135790+00:00	accel_filter_vol_size_v7	0.836348	2.864055	1.720268	0.600641	0.004517	0.060443	30	35	1.182134	0.000000	5.346977	18.898614	9	PASS	autodegen-scout-3
2026-03-14T23:12:16.873654+00:00	accel_filter_vol_size_v8	0.836386	2.847651	1.751946	0.615225	0.004726	0.062557	30	35	1.189239	0.000000	5.353020	18.619841	9	PASS	autodegen-scout-3
2026-03-14T23:12:39.827915+00:00	accel_filter_vol_size_v9	0.836385	2.835512	1.774576	0.625840	0.004953	0.064862	30	35	1.193993	0.000000	5.357567	18.438005	9	PASS	autodegen-scout-3
2026-03-14T23:12:52.918822+00:00	accel_filter_vol_size_v10	0.800162	2.533975	1.725258	0.680850	0.005961	0.061672	33	38	1.048825	0.000000	4.539584	13.835107	9	PASS	autodegen-scout-3
2026-03-14T23:13:06.053630+00:00	accel_filter_vol_size_v11	0.790764	2.437997	1.777145	0.728936	0.005719	0.058718	32	34	1.247596	0.000000	4.808197	15.569098	9	PASS	autodegen-scout-3
2026-03-14T23:13:17.927068+00:00	accel_filter_vol_size_v12	0.831211	2.792028	1.777095	0.636489	0.004743	0.063476	30	35	1.143498	0.000000	5.274433	18.062968	9	PASS	autodegen-scout-3
2026-03-14T23:13:32.182581+00:00	accel_filter_vol_size_v13	0.834786	2.821441	1.774726	0.629014	0.004740	0.063755	30	35	1.188399	0.000000	5.217248	17.901660	9	PASS	autodegen-scout-3
2026-03-14T23:13:46.913202+00:00	accel_filter_vol_size_v14	0.835370	2.828720	1.769659	0.625604	0.004783	0.064279	30	35	1.185640	0.000000	5.360449	18.470859	9	PASS	autodegen-scout-3
2026-03-14T23:13:59.146237+00:00	accel_filter_vol_size_v15	0.837154	2.847025	1.761055	0.618560	0.004765	0.063352	30	35	1.190065	0.000000	5.343757	18.416831	9	PASS	autodegen-scout-3
2026-03-14T23:14:23.003599+00:00	accel_filter_vol_size_v16	0.834290	2.810064	1.788600	0.636498	0.004752	0.064252	30	35	1.197809	0.000000	5.220656	17.612172	9	PASS	autodegen-scout-3
2026-03-14T23:14:50.331436+00:00	accel_filter_vol_size_v18	0.837154	2.847025	1.761055	0.618560	0.004765	0.063352	30	35	1.190065	0.000000	5.343757	18.416831	9	PASS	autodegen-scout-3
2026-03-14T23:15:17.075309+00:00	accel_hybrid_v1	0.835234	2.819516	1.779815	0.631248	0.005262	0.064283	30	35	1.220220	0.000000	5.296438	18.038570	9	PASS	autodegen-scout-3
2026-03-14T23:15:43.212639+00:00	accel_filter_vol_size_v19	0.837409	2.837015	1.783979	0.628822	0.004994	0.065715	30	35	1.195372	0.000000	5.348023	18.238347	9	PASS	autodegen-scout-3
2026-03-14T23:16:05.445728+00:00	accel_filter_vol_size_v20	0.837568	2.827055	1.805167	0.638533	0.005223	0.068037	30	35	1.200243	0.000000	5.352334	18.079806	9	PASS	autodegen-scout-3
2026-03-14T23:16:26.679939+00:00	accel_filter_vol_size_v21	0.837650	2.817192	1.824852	0.647756	0.005452	0.070319	30	35	1.204740	0.000000	5.356652	17.938438	9	PASS	autodegen-scout-3
2026-03-14T23:16:48.142380+00:00	accel_filter_vol_size_v22	0.837891	2.812236	1.837634	0.653442	0.005692	0.072774	30	35	1.207241	0.000000	5.358998	17.889936	9	PASS	autodegen-scout-3
2026-03-14T23:17:10.126068+00:00	accel_filter_vol_size_v23	0.838124	2.807557	1.849742	0.658844	0.005933	0.075188	30	35	1.209573	0.000000	5.361238	17.848778	9	PASS	autodegen-scout-3
2026-03-14T23:17:37.171832+00:00	accel_filter_vol_size_v24	0.838351	2.803140	1.861251	0.663988	0.006173	0.077562	30	35	1.211758	0.000000	5.363377	17.814073	9	PASS	autodegen-scout-3
2026-03-14T23:17:58.157746+00:00	accel_filter_vol_size_v25	0.838576	2.798971	1.872228	0.668899	0.006413	0.079896	30	35	1.213812	0.000000	5.365418	17.785072	9	PASS	autodegen-scout-3
2026-03-14T23:18:23.676321+00:00	accel_filter_vol_size_v26	0.838800	2.795035	1.882726	0.673597	0.006653	0.082191	30	35	1.215751	0.000000	5.367367	17.761140	9	PASS	autodegen-scout-3
2026-03-14T23:18:46.731956+00:00	accel_filter_vol_size_v27	0.839726	2.796565	1.893644	0.677132	0.007156	0.087079	30	35	1.216574	0.000000	5.367389	17.854623	9	PASS	autodegen-scout-3
2026-03-14T23:19:09.041234+00:00	accel_filter_vol_size_v28	0.840638	2.798133	1.904289	0.680557	0.007658	0.091812	30	35	1.217382	0.000000	5.367394	17.949292	9	PASS	autodegen-scout-3
2026-03-14T23:19:31.427767+00:00	accel_filter_vol_size_v29	0.841536	2.799731	1.914678	0.683879	0.008159	0.096398	30	35	1.218176	0.000000	5.367384	18.045054	9	PASS	autodegen-scout-3
2026-03-14T23:06:58.877508+00:00	shadow_accel_v9	0.739973	2.294256	1.251418	0.545457	0.003868	0.047919	35	39	0.999815	0.000000	3.071182	12.470110	6	PASS	autodegen-scout-4
2026-03-14T23:07:20.932807+00:00	shadow_accel_v10	0.790325	2.630158	1.396490	0.530953	0.003548	0.032688	31	29	1.070625	0.000000	4.630836	15.485322	6	PASS	autodegen-scout-4
2026-03-14T23:07:36.080142+00:00	shadow_accel_v11	0.785889	2.432944	1.647711	0.677250	0.003676	0.037840	31	31	1.107860	0.000000	3.855156	14.029820	6	PASS	autodegen-scout-4
2026-03-14T23:14:50.903380+00:00	shadow_accel_v30	0.778740	2.273413	1.830737	0.805282	0.003711	0.030758	30	29	0.917078	0.000000	3.135316	12.160539	6	PASS	autodegen-scout-4
2026-03-14T23:26:34.210658+00:00	shadow_accel_v67	0.799120	2.388927	1.913720	0.801079	0.003739	0.028651	30	30	1.087587	0.000000	4.315911	13.461914	6	PASS	autodegen-scout-4
2026-03-14T23:28:05.565179+00:00	shadow_accel_v73	0.798861	2.415747	1.865207	0.772104	0.003720	0.031552	30	28	1.046138	0.000000	4.389512	13.619070	6	PASS	autodegen-scout-4
2026-03-14T23:28:48.444680+00:00	shadow_accel_v76	0.785889	2.432944	1.647711	0.677250	0.003676	0.037840	31	31	1.107860	0.000000	3.855156	14.029820	6	PASS	autodegen-scout-4
2026-03-14T23:29:04.164192+00:00	shadow_accel_v77	0.790325	2.630158	1.396490	0.530953	0.003548	0.032688	31	29	1.070625	0.000000	4.630836	15.485322	6	PASS	autodegen-scout-4
2026-03-14T23:29:35.041189+00:00	shadow_accel_v79	0.791789	2.375980	1.805646	0.759958	0.003969	0.029909	30	30	1.150510	0.000000	4.329295	13.573047	6	PASS	autodegen-scout-4
2026-03-14T23:01:42.567061+00:00	ema_20_50_hh_hl_lb8_v1	0.742777	2.370766	1.216682	0.513202	0.004248	0.038498	40	43	1.145117	0.000000	2.912984	12.043191	5	PASS	autodegen-scout-5
2026-03-14T23:04:24.096354+00:00	range_expansion_v1	0.547236	0.970050	1.505478	1.551959	0.005305	0.059001	39	52	1.034625	0.166667	2.216765	4.372577	6	PASS	autodegen-scout-5
2026-03-14T23:18:01.399372+00:00	lower_shadow_filter_v2	0.603973	1.474689	0.944057	0.640173	0.004004	0.036307	31	31	1.191678	0.000000	2.633534	7.494313	6	PASS	autodegen-scout-5
2026-03-14T23:20:37.824504+00:00	time_exit_v1	0.722642	2.266451	1.157242	0.510597	0.004081	0.033363	40	44	1.049823	0.000000	2.856383	11.659395	6	PASS	autodegen-scout-5
2026-03-14T23:22:36.724820+00:00	time_exit_96_v1	0.782797	2.555300	1.406868	0.550569	0.004125	0.033478	40	44	0.961372	0.000000	3.095975	13.265297	6	PASS	autodegen-scout-5
2026-03-14T23:24:57.119221+00:00	ema_slope_v1	0.742777	2.370766	1.216682	0.513202	0.004248	0.038498	40	43	1.145117	0.000000	2.912984	12.043191	5	PASS	autodegen-scout-5
2026-03-14T23:28:27.137815+00:00	time_exit_96_lb10_v1	0.765905	2.219510	1.704416	0.767925	0.003836	0.028563	35	38	1.202190	0.000000	3.242391	12.108763	6	PASS	autodegen-scout-5
2026-03-14T23:29:36.837185+00:00	time_exit_108_lb10_v1	0.773952	2.299648	1.676774	0.729144	0.003863	0.028335	35	38	1.131976	0.000000	3.264450	12.419628	6	PASS	autodegen-scout-5
